"","X","Gene","p_val","avg_log2FC","pct.1","pct.2","p_val_adj","cell"
"381",381,"Cd74",4.27724594337296e-09,-0.508275568447291,0.311,0.54,7.74352605588241e-05,"Alv-Basal"
"386",386,"Ifngr1",1.21527026281124e-08,0.256736908371948,0.941,0.93,0.000220012528379346,"Alv-Basal"
"691",263,"Ifngr1",2.37621905759553e-06,0.323768256097169,0.833,0.692,0.0430190698187095,"Alv-Proliferating"
"875",180,"Cd74",1.19779463403024e-07,-1.05007291702568,0.239,0.393,0.00216848740544835,"Basal"
"2840",86,"Ifng",1.64296102631674e-13,-0.622125919998366,0.102,0.342,2.74538787497527e-09,"NK"
"3093",339,"Mif",1.21480082527726e-06,0.451836540423474,0.777,0.652,0.0202993217903829,"NK"
